<project>
    <property name="verbose" value="false"/>
    <property name="threads" value="2"/>
    <property name="reportDir" value="./reports/pitest-reports"/>

    <targetClasses>
        <filter name="com.demo.package1.*"/>
        <filter name="com.demo.package2.*"/>
        <filter name="org.pitest.project.*"/>
    </targetClasses>

    <sourceDirs>
        <dir name="./src"/>
        <dir name="./test-src"/>
    </sourceDirs>

    <classPath>
        <dir name="./libs"/>
        <jar name="c:/localrepos/ant.jar"/>
    </classPath>
</project>